studycafename,lcation
리바운드 은평수색점,서울 은평구 수색동
앤딩스터디카페 북가좌점,서울 서대문구 북가좌동
독심 관리형스터디카페,서울 마포구 성산동
그린스터디카페,서울 마포구 상암동
몰입스터디카페 향동센터,고양 덕양구 향동동
위넌스터디카페 북가좌점,서울 서대문구 북가좌동
디딤스터디카페 은평신사센터,서울 은평구 신사동
공부인 스터디카페 고양향동센터,고양 덕양구 향동동
스터디카페24365 새절역캠퍼스,서울 은평구 신사동
이제마스터디카페 월드컵점,서울 마포구 성산동
지공스터디카페 은평신사점,서울 은평구 신사동
공본스터디카페 상암센터,서울 마포구 상암동
스터디카페청춘 은평신사점,서울 은평구 신사동
쌤스터디카페,고양 덕양구 향동동
망고스터디카페,서울 마포구 중동
지니24 스터디카페 상암DMC점,서울 마포구 상암동
스터디카페 Live Your Life,서울 마포구 상암동
지니24스터디카페 은평신사점,서울 은평구 신사동
이룸24스터디카페,서울 서대문구 북가좌동
올다스터디카페,서울 마포구 성산동
레벨업스터디카페 고양향동점,고양 덕양구 향동동
블랙라벨 스터디카페 북가좌점,서울 서대문구 북가좌동
지니24스터디카페 가재울DMC점,서울 서대문구 남가좌동
지니24스터디카페 성산점,서울 마포구 성산동
미라클스터디카페 북가좌센터,서울 서대문구 북가좌동
알지스터디플렉스,서울 마포구 상암동
관리형독서실 독심,서울 마포구 성산동
아카데미라운지 북가좌독서실,서울 서대문구 북가좌동
토즈스터디센터 북가좌센터,서울 서대문구 북가좌동
중앙독서실,서울 마포구 성산동
플랜스터디앤워크,서울 마포구 성산동
알앤디플랜비 인테리어,서울 은평구 증산동
티오지,서울 은평구 증산동
원상복구편의점철거스터디카페철거중국집철거셀프사진관철거,서울 서대문구 북가좌동
원상복구편의점철거스터디카페철거중국집철거셀프사진관철거,고양 덕양구 향동동
원상복구편의점철거스터디카페철거중국집철거셀프사진관철거,서울 마포구 중동
원상복구편의점철거스터디카페철거중국집철거셀프사진관철거,서울 마포구 상암동
원상복구편의점철거스터디카페철거중국집철거셀프사진관철거,서울 은평구 수색동
원상복구편의점철거스터디카페철거중국집철거셀프사진관철거,서울 은평구 증산동
